ID,中文名,英文名,預計圖片檔名,預計異圖檔名
1,珠頸斑鳩,Spotted Dove,1.avif,1_UR.avif
2,黑鳶,Black Kite,2.avif,2_UR.avif
3,原鴿,Rock Pigeon,3.avif,3_UR.avif
4,小葵花鳳頭鸚鵡,Yellow-Crested Cockatoo,4.avif,4_UR.avif
5,噪鵑,Asian Koel,5.avif,5_UR.avif
6,紅耳鵯,Red-Whiskered Bulbul,6.avif,6_UR.avif
7,白頭鵯,Light-Vented Bulbul,7.avif,7_UR.avif
8,鵲鴝,Oriental Magpie-Robin,8.avif,8_UR.avif
9,黑臉噪眉,Black-faced Laughingthrush,9.avif,9_UR.avif
10,白腰文鳥,Slaty-Breasted Rail,10.avif,10_UR.avif
11,麻雀,Eurasian Tree Sparrow,11.avif,11_UR.avif
12,黑領椋鳥,Unknown Species,12.avif,12_UR.avif
13,八哥,Crested Myna,13.avif,13_UR.avif
14,喜鵲,Eurasian Magpie,14.avif,14_UR.avif
15,紅嘴藍鵲,Red-Billed Blue Magpie,15.avif,15_UR.avif
16,大山雀,Unknown Species,16.avif,16_UR.avif
17,暗綠繡眼鳥,Eastern Buzzard,17.avif,17_UR.avif
18,畫眉,Chinese Hwamei,18.avif,18_UR.avif
19,叉尾太陽鳥,Fork-Tailed Sunbird,19.avif,19_UR.avif
20,長尾縫葉鶯,Common Tailorbird,20.avif,20_UR.avif
21,亞歷山大鸚鵡,Unknown Species,21.avif,21_UR.avif
22,栗樹鴨,Lesser Whistling-Duck,22.avif,22_UR.avif
23,灰雁,Graylag Goose,23.avif,23_UR.avif
24,白額雁,Greater White-Fronted Goose,24.avif,24_UR.avif
25,小白額雁,Lesser White-Fronted Goose,25.avif,25_UR.avif
26,寒林豆雁,Taiga Bean Goose,26.avif,26_UR.avif
27,凍原豆雁,Tundra Bean Goose,27.avif,27_UR.avif
28,大天鵝,Whooper Swan,28.avif,28_UR.avif
29,赤麻鴨,Ruddy Shelduck,29.avif,29_UR.avif
30,翹鼻麻鴨,Common Shelduck,30.avif,30_UR.avif
31,棉鳧,Cotton Pygmy-Goose,31.avif,31_UR.avif
32,鴛鴦,Mandarin Duck,32.avif,32_UR.avif
33,花臉鴨,Baikal Teal,33.avif,33_UR.avif
34,白眉鴨,Garganey,34.avif,34_UR.avif
35,琵嘴鴨,Northern Shoveler,35.avif,35_UR.avif
36,赤膀鴨,Gadwall,36.avif,36_UR.avif
37,羅紋鴨,Falcated Duck,37.avif,37_UR.avif
38,赤頸鴨,Eurasian Wigeon,38.avif,38_UR.avif
39,美洲黑海番鴨,American Wigeon,39.avif,39_UR.avif
40,棕頸鴨,Philippine Duck,40.avif,40_UR.avif
41,印缅斑嘴鴨,Indian Spot-Billed Duck,41.avif,41_UR.avif
42,中華斑嘴鴨,Eastern Spot-Billed Duck,42.avif,42_UR.avif
43,綠頭鴨,Mallard,43.avif,43_UR.avif
44,針尾鴨,Northern Pintail,44.avif,44_UR.avif
45,綠翅鴨,Green-Winged Teal,45.avif,45_UR.avif
46,赤嘴潛鴨,Red-Crested Pochard,46.avif,46_UR.avif
47,紅頭潛鴨,Common Pochard,47.avif,47_UR.avif
48,白眼潛鴨,Ferruginous Duck,48.avif,48_UR.avif
49,青頭潛鴨,Aythya Baeri,49.avif,49_UR.avif
50,鳳頭潛鴨,Tufted Duck,50.avif,50_UR.avif
51,斑背潛鴨,Greater Scaup,51.avif,51_UR.avif
52,紅胸田雞,Velvet Scoter,52.avif,52_UR.avif
53,White-winged scoter,White-Winged Scoter,53.avif,53_UR.avif
54,斑臉海番鴨,Melanitta Stejnegeri,54.avif,54_UR.avif
55,鵲鴨,Common Goldeneye,55.avif,55_UR.avif
56,斑頭秋沙鴨,Smew,56.avif,56_UR.avif
57,紅胸秋沙鴨,Red-Breasted Merganser,57.avif,57_UR.avif
58,Scaly-sided merganser,Scaly-Sided Merganser,58.avif,58_UR.avif
59,Chinese bamboo-partridge,Chinese Bamboo-Partridge,59.avif,59_UR.avif
60,中華鷓鴣,Chinese Francolin,60.avif,60_UR.avif
61,鵪鶉,Japanese Quail,61.avif,61_UR.avif
62,小鸊鷉,Little Grebe,62.avif,62_UR.avif
63,角鸊鷉,Horned Grebe,63.avif,63_UR.avif
64,鳳頭鸊鷉,Great Crested Grebe,64.avif,64_UR.avif
65,黑頸鸊鷉,Eared Grebe,65.avif,65_UR.avif
66,山斑鳩,Oriental Turtle-Dove,66.avif,66_UR.avif
67,灰斑鳩,Eurasian Collared-Dove,67.avif,67_UR.avif
68,火斑鳩,Red Collared-Dove,68.avif,68_UR.avif
69,斑尾鵑鳩,Barred Cuckoo-Dove,69.avif,69_UR.avif
70,綠翅金鳩,Asian Emerald Dove,70.avif,70_UR.avif
71,橙胸綠鳩,Orange-Breasted Green-Pigeon,71.avif,71_UR.avif
72,厚嘴綠鳩,Thick-Billed Green-Pigeon,72.avif,72_UR.avif
73,Wedge-tailed green-pigeon,Wedge-Tailed Green-Pigeon,73.avif,73_UR.avif
74,紅翅綠鳩,White-Bellied Green-Pigeon,74.avif,74_UR.avif
75,灰樹鵲,Whistling Green-Pigeon,75.avif,75_UR.avif
76,褐翅鴉鵑,Greater Coucal,76.avif,76_UR.avif
77,小鴉鵑,Lesser Coucal,77.avif,77_UR.avif
78,紅翅鳳頭鵑,Chestnut-Winged Cuckoo,78.avif,78_UR.avif
79,八聲杜鵑,Plaintive Cuckoo,79.avif,79_UR.avif
80,烏鵑,Square-Tailed Drongo-Cuckoo,80.avif,80_UR.avif
81,鷹鵑,Large Hawk-Cuckoo,81.avif,81_UR.avif
82,北鷹鵑,Northern Hawk-Cuckoo,82.avif,82_UR.avif
83,棕腹杜鵑,Hierococcyx Nisicolor,83.avif,83_UR.avif
84,Malaysian hawk-cuckoo,Malaysian Hawk-Cuckoo,84.avif,84_UR.avif
85,小杜鵑,Lesser Cuckoo,85.avif,85_UR.avif
86,四聲杜鵑,Indian Cuckoo,86.avif,86_UR.avif
87,大杜鵑,Common Cuckoo,87.avif,87_UR.avif
88,中杜鵑,Oriental Cuckoo,88.avif,88_UR.avif
89,普通夜鷹,Gray Nightjar,89.avif,89_UR.avif
90,林夜鷹,Savanna Nightjar,90.avif,90_UR.avif
91,白喉針尾雨燕,White-Throated Needletail,91.avif,91_UR.avif
92,白背針尾雨燕,Silver-Backed Needletail,92.avif,92_UR.avif
93,褐背針尾雨燕,Brown-Backed Needletail,93.avif,93_UR.avif
94,短嘴金絲燕,Himalayan Swiftlet,94.avif,94_UR.avif
95,樓燕,Common Swift,95.avif,95_UR.avif
96,雨燕,Pacific Swift,96.avif,96_UR.avif
97,草原鵰,House Swift,97.avif,97_UR.avif
98,普通秧雞,Water Rail,98.avif,98_UR.avif
99,灰面鷲,Brown-Cheeked Rail,99.avif,99_UR.avif
100,黑水雞,Eurasian Moorhen,100.avif,100_UR.avif
101,白骨頂,Eurasian Coot,101.avif,101_UR.avif
102,灰頭麥雞,White-Browed Crake,102.avif,102_UR.avif
103,董雞,Watercock,103.avif,103_UR.avif
104,白胸苦惡鳥,White-Breasted Waterhen,104.avif,104_UR.avif
105,白喉斑秧雞,Slaty-Legged Crake,105.avif,105_UR.avif
106,斑脇田雞,Band-Bellied Crake,106.avif,106_UR.avif
107,紅腳苦惡鳥,Brown Crake,107.avif,107_UR.avif
108,小田雞,Zapornia Pusilla,108.avif,108_UR.avif
109,白鶴,Siberian Crane,109.avif,109_UR.avif
110,灰鶴,Common Crane,110.avif,110_UR.avif
111,大石鴴,Great Thick-Knee,111.avif,111_UR.avif
112,黑翅長腳鷸,Black-Winged Stilt,112.avif,112_UR.avif
113,反嘴鷸,Pied Avocet,113.avif,113_UR.avif
114,蠣鷸,Eurasian Oystercatcher,114.avif,114_UR.avif
115,灰鴴,Black-Bellied Plover,115.avif,115_UR.avif
116,European golden-plover,European Golden-Plover,116.avif,116_UR.avif
117,American golden-plover,American Golden-Plover,117.avif,117_UR.avif
118,金鴴,Pacific Golden-Plover,118.avif,118_UR.avif
119,鳳頭麥雞,Northern Lapwing,119.avif,119_UR.avif
120,蒙古沙鴴,Lesser Sand-Plover,120.avif,120_UR.avif
121,鐵嘴沙鴴,Greater Sand-Plover,121.avif,121_UR.avif
122,環頸鴴,Kentish Plover,122.avif,122_UR.avif
123,White-faced plover,White-Faced Plover,123.avif,123_UR.avif
124,Snowy plover,Snowy Plover,124.avif,124_UR.avif
125,劍鴴,Common Ringed Plover,125.avif,125_UR.avif
126,長嘴鴴,Long-Billed Plover,126.avif,126_UR.avif
127,金眶鴴,Little Ringed Plover,127.avif,127_UR.avif
128,東方鴴,Oriental Plover,128.avif,128_UR.avif
129,彩鷸,Greater Painted-Snipe,129.avif,129_UR.avif
130,水雉,Pheasant-Tailed Jacana,130.avif,130_UR.avif
131,中杓鷸,Whimbrel,131.avif,131_UR.avif
132,小杓鷸,Little Curlew,132.avif,132_UR.avif
133,大杓鷸,Far Eastern Curlew,133.avif,133_UR.avif
134,白腰杓鷸,Eurasian Curlew,134.avif,134_UR.avif
135,斑尾塍鷸,Bar-Tailed Godwit,135.avif,135_UR.avif
136,黑尾塍鷸,Black-Tailed Godwit,136.avif,136_UR.avif
137,翻石鷸,Ruddy Turnstone,137.avif,137_UR.avif
138,大濱鷸,Great Knot,138.avif,138_UR.avif
139,紅腹濱鷸,Red Knot,139.avif,139_UR.avif
140,流蘇鷸,Ruff,140.avif,140_UR.avif
141,闊嘴鷸,Broad-Billed Sandpiper,141.avif,141_UR.avif
142,尖尾濱鷸,Sharp-Tailed Sandpiper,142.avif,142_UR.avif
143,彎嘴濱鷸,Curlew Sandpiper,143.avif,143_UR.avif
144,青腳濱鷸,Calidris Temminckii,144.avif,144_UR.avif
145,長趾濱鷸,Long-Toed Stint,145.avif,145_UR.avif
146,勺嘴鷸,Spoon-Billed Sandpiper,146.avif,146_UR.avif
147,紅頸濱鷸,Red-Necked Stint,147.avif,147_UR.avif
148,三趾濱鷸,Sanderling,148.avif,148_UR.avif
149,黑腹濱鷸,Dunlin,149.avif,149_UR.avif
150,小濱鷸,Little Stint,150.avif,150_UR.avif
151,Buff-breasted sandpiper,Buff-Breasted Sandpiper,151.avif,151_UR.avif
152,斑胸濱鷸,Pectoral Sandpiper,152.avif,152_UR.avif
153,半蹼鷸,Asian Dowitcher,153.avif,153_UR.avif
154,長嘴半蹼鷸,Long-Billed Dowitcher,154.avif,154_UR.avif
155,丘鷸,Eurasian Woodcock,155.avif,155_UR.avif
156,橙腹葉鵯,Gallinago Hardwickii,156.avif,156_UR.avif
157,扇尾沙錐,Common Snipe,157.avif,157_UR.avif
158,針尾沙錐,Pin-Tailed Snipe,158.avif,158_UR.avif
159,大沙錐,Gallinago Megala,159.avif,159_UR.avif
160,翹嘴鷸,Terek Sandpiper,160.avif,160_UR.avif
161,紅頸瓣蹼鷸,Red-Necked Phalarope,161.avif,161_UR.avif
162,Red phalarope,Red Phalarope,162.avif,162_UR.avif
163,磯鷸,Common Sandpiper,163.avif,163_UR.avif
164,白腰草鷸,Green Sandpiper,164.avif,164_UR.avif
165,灰尾鷸,Gray-Tailed Tattler,165.avif,165_UR.avif
166,鶴鷸,Spotted Redshank,166.avif,166_UR.avif
167,青腳鷸,Common Greenshank,167.avif,167_UR.avif
168,小青腳鷸,Tringa Guttifer,168.avif,168_UR.avif
169,小黃腳鷸,Lesser Yellowlegs,169.avif,169_UR.avif
170,澤鷸,Marsh Sandpiper,170.avif,170_UR.avif
171,林鷸,Wood Sandpiper,171.avif,171_UR.avif
172,紅腳鷸,Common Redshank,172.avif,172_UR.avif
173,Small buttonquail,Small Buttonquail,173.avif,173_UR.avif
174,黃腳三趾鶉,Yellow-Legged Buttonquail,174.avif,174_UR.avif
175,棕三趾鶉,Barred Buttonquail,175.avif,175_UR.avif
176,普通燕鴴,Oriental Pratincole,176.avif,176_UR.avif
177,Small pratincole,Small Pratincole,177.avif,177_UR.avif
178,中賊鷗,Pomarine Jaeger,178.avif,178_UR.avif
179,短尾賊鷗,Parasitic Jaeger,179.avif,179_UR.avif
180,長尾賊鷗,Long-Tailed Jaeger,180.avif,180_UR.avif
181,扁嘴海雀,Ancient Murrelet,181.avif,181_UR.avif
182,冠海雀,Japanese Murrelet,182.avif,182_UR.avif
183,三趾鷗,Black-Legged Kittiwake,183.avif,183_UR.avif
184,黑嘴鷗,Saundersilarus Saundersi,184.avif,184_UR.avif
185,細嘴鷗,Slender-Billed Gull,185.avif,185_UR.avif
186,紅嘴鷗,Black-Headed Gull,186.avif,186_UR.avif
187,棕頭鷗,Brown-Headed Gull,187.avif,187_UR.avif
188,小鷗,Little Gull,188.avif,188_UR.avif
189,Franklin's gull,Leucophaeus Pipixcan,189.avif,189_UR.avif
190,遺鷗,Relict Gull,190.avif,190_UR.avif
191,漁鷗,Ichthyaetus Ichthyaetus,191.avif,191_UR.avif
192,黑尾鷗,Black-Tailed Gull,192.avif,192_UR.avif
193,海鷗,Common Gull,193.avif,193_UR.avif
194,Short-billed gull,Short-Billed Gull,194.avif,194_UR.avif
195,Ring-billed gull,Ring-Billed Gull,195.avif,195_UR.avif
196,Herring gull,Herring Gull,196.avif,196_UR.avif
197,黃腿銀鷗,Caspian Gull,197.avif,197_UR.avif
198,Iceland gull,Iceland Gull,198.avif,198_UR.avif
199,灰燕鵙,Lesser Black-Backed Gull,199.avif,199_UR.avif
200,灰背鷗,Slaty-Backed Gull,200.avif,200_UR.avif
201,灰翅鷗,Glaucous-Winged Gull,201.avif,201_UR.avif
202,北極鷗,Glaucous Gull,202.avif,202_UR.avif
203,Brown noddy,Brown Noddy,203.avif,203_UR.avif
204,褐柳鶯,Sooty Tern,204.avif,204_UR.avif
205,褐翅燕鷗,Bridled Tern,205.avif,205_UR.avif
206,Aleutian tern,Aleutian Tern,206.avif,206_UR.avif
207,鷗嘴噪鷗,Gull-Billed Tern,207.avif,207_UR.avif
208,紅嘴巨鷗,Caspian Tern,208.avif,208_UR.avif
209,白翅浮鷗,White-Winged Tern,209.avif,209_UR.avif
210,Whiskered tern,Whiskered Tern,210.avif,210_UR.avif
211,粉紅燕鷗,Roseate Tern,211.avif,211_UR.avif
212,黑枕燕鷗,Black-Naped Tern,212.avif,212_UR.avif
213,普通燕鷗,Common Tern,213.avif,213_UR.avif
214,大鳳頭燕鷗,Great Crested Tern,214.avif,214_UR.avif
215,白尾鸏,White-Tailed Tropicbird,215.avif,215_UR.avif
216,紅喉潛鳥,Red-Throated Loon,216.avif,216_UR.avif
217,太平洋潛鳥,Pacific Loon,217.avif,217_UR.avif
218,黃嘴潛鳥,Yellow-Billed Loon,218.avif,218_UR.avif
219,褐燕鸌,Bulweria Bulwerii,219.avif,219_UR.avif
220,白額鸌,Streaked Shearwater,220.avif,220_UR.avif
221,Flesh-footed shearwater,Flesh-Footed Shearwater,221.avif,221_UR.avif
222,楔尾鸌,Wedge-Tailed Shearwater,222.avif,222_UR.avif
223,短尾鸌,Short-Tailed Shearwater,223.avif,223_UR.avif
224,黑鸛,Black Stork,224.avif,224_UR.avif
225,東方白鸛,Oriental Stork,225.avif,225_UR.avif
226,白斑軍艦鳥,Lesser Frigatebird,226.avif,226_UR.avif
227,白腹軍艦鳥,Christmas Island Frigatebird,227.avif,227_UR.avif
228,黑腹軍艦鳥,Great Frigatebird,228.avif,228_UR.avif
229,藍臉鰹鳥,Masked Booby,229.avif,229_UR.avif
230,褐鰹鳥,Brown Booby,230.avif,230_UR.avif
231,紅腳鰹鳥,Red-Footed Booby,231.avif,231_UR.avif
232,普通鸕鷀,Great Cormorant,232.avif,232_UR.avif
233,綠背鸕鷀,Japanese Cormorant,233.avif,233_UR.avif
234,卷羽鵜鶘,Dalmatian Pelican,234.avif,234_UR.avif
235,大麻鳽,Great Bittern,235.avif,235_UR.avif
236,黃斑葦鳽,Yellow Bittern,236.avif,236_UR.avif
237,紫背葦鳽,Ixobrychus Eurhythmus,237.avif,237_UR.avif
238,栗葦鳽,Cinnamon Bittern,238.avif,238_UR.avif
239,黑鳽,Black Bittern,239.avif,239_UR.avif
240,蒼鷺,Gray Heron,240.avif,240_UR.avif
241,草鷺,Purple Heron,241.avif,241_UR.avif
242,大白鷺,Great Egret,242.avif,242_UR.avif
243,中白鷺,Intermediate Egret,243.avif,243_UR.avif
244,黃嘴白鷺,Chinese Egret,244.avif,244_UR.avif
245,小白鷺,Little Egret,245.avif,245_UR.avif
246,岩鷺,Pacific Reef-Heron,246.avif,246_UR.avif
247,牛背鷺,Cattle Egret,247.avif,247_UR.avif
248,池鷺,Chinese Pond-Heron,248.avif,248_UR.avif
249,夜鷺,Black-Crowned Night-Heron,249.avif,249_UR.avif
250,栗頭鳽,Japanese Night-Heron,250.avif,250_UR.avif
251,黑冠鳽,Malayan Night-Heron,251.avif,251_UR.avif
252,Black-headed ibis,Black-Headed Ibis,252.avif,252_UR.avif
253,白琵鷺,Eurasian Spoonbill,253.avif,253_UR.avif
254,黑臉琵鷺,Black-Faced Spoonbill,254.avif,254_UR.avif
255,魚鷹,Osprey,255.avif,255_UR.avif
256,黑翅鳶,Black-Winged Kite,256.avif,256_UR.avif
257,Oriental honey-buzzard,Oriental Honey-Buzzard,257.avif,257_UR.avif
258,黑冠鵑隼,Black Baza,258.avif,258_UR.avif
259,禿鷲,Cinereous Vulture,259.avif,259_UR.avif
260,蛇鵰,Crested Serpent-Eagle,260.avif,260_UR.avif
261,烏鵰,Greater Spotted Eagle,261.avif,261_UR.avif
262,白肩鵰,Imperial Eagle,262.avif,262_UR.avif
263,Bonelli's eagle,Aquila Fasciata,263.avif,263_UR.avif
264,白腹鷂,Eastern Marsh-Harrier,264.avif,264_UR.avif
265,Hen harrier,Hen Harrier,265.avif,265_UR.avif
266,鵲鷂,Pied Harrier,266.avif,266_UR.avif
267,鳳頭鷹,Crested Goshawk,267.avif,267_UR.avif
268,赤腹鷹,Chinese Sparrowhawk,268.avif,268_UR.avif
269,日本松雀鷹,Japanese Sparrowhawk,269.avif,269_UR.avif
270,松雀鷹,Besra,270.avif,270_UR.avif
271,雀鷹,Eurasian Sparrowhawk,271.avif,271_UR.avif
272,蒼鷹,Northern Goshawk,272.avif,272_UR.avif
273,栗鳶,Brahminy Kite,273.avif,273_UR.avif
274,白腹海鵰,White-Bellied Sea-Eagle,274.avif,274_UR.avif
275,普通鵟,Common Buzzard,275.avif,275_UR.avif
276,Australasian grass-owl,Australasian Grass-Owl,276.avif,276_UR.avif
277,Collared scops-owl,Collared Scops-Owl,277.avif,277_UR.avif
278,Sunda scops-owl,Sunda Scops-Owl,278.avif,278_UR.avif
279,紅角鴞,Oriental Scops-Owl,279.avif,279_UR.avif
280,Mountain scops owl,Mountain Scops Owl,280.avif,280_UR.avif
281,鵰鴞,Eurasian Eagle-Owl,281.avif,281_UR.avif
282,褐魚鴞,Brown Fish-Owl,282.avif,282_UR.avif
283,斑頭鵂鶹,Asian Barred Owlet,283.avif,283_UR.avif
284,Collared owlet,Collared Owlet,284.avif,284_UR.avif
285,褐林鴞,Brown Wood-Owl,285.avif,285_UR.avif
286,短耳鴞,Short-Eared Owl,286.avif,286_UR.avif
287,鷹鴞,Brown Boobook,287.avif,287_UR.avif
288,戴勝,Eurasian Hoopoe,288.avif,288_UR.avif
289,普通翠鳥,Common Kingfisher,289.avif,289_UR.avif
290,Black-backed dwarf-kingfisher,Black-Backed Dwarf-Kingfisher,290.avif,290_UR.avif
291,赤翡翠,Ruddy Kingfisher,291.avif,291_UR.avif
292,白胸翡翠,White-Throated Kingfisher,292.avif,292_UR.avif
293,藍翡翠,Black-Capped Kingfisher,293.avif,293_UR.avif
294,白領翡翠,Collared Kingfisher,294.avif,294_UR.avif
295,斑魚狗,Pied Kingfisher,295.avif,295_UR.avif
296,藍喉蜂虎,Blue-Throated Bee-Eater,296.avif,296_UR.avif
297,栗喉蜂虎,Blue-Tailed Bee-Eater,297.avif,297_UR.avif
298,藍胸佛法僧,European Roller,298.avif,298_UR.avif
299,三寶鳥,Dollarbird,299.avif,299_UR.avif
300,大擬鴷,Great Barbet,300.avif,300_UR.avif
301,Chinese barbet,Chinese Barbet,301.avif,301_UR.avif
302,蟻鴷,Eurasian Wryneck,302.avif,302_UR.avif
303,斑姬啄木鳥,Speckled Piculet,303.avif,303_UR.avif
304,棕腹啄木鳥,Rufous-Bellied Woodpecker,304.avif,304_UR.avif
305,黃嘴栗啄木鳥,Bay Woodpecker,305.avif,305_UR.avif
306,栗啄木鳥,Rufous Woodpecker,306.avif,306_UR.avif
307,灰頭綠啄木鳥,Gray-Headed Woodpecker,307.avif,307_UR.avif
308,紅隼,Eurasian Kestrel,308.avif,308_UR.avif
309,Amur falcon,Amur Falcon,309.avif,309_UR.avif
310,燕隼,Eurasian Hobby,310.avif,310_UR.avif
311,遊隼,Peregrine Falcon,311.avif,311_UR.avif
312,Alexandrine parakeet,Alexandrine Parakeet,312.avif,312_UR.avif
313,紅領綠鸚鵡,Rose-Ringed Parakeet,313.avif,313_UR.avif
314,藍翅八色鶇,Blue-Winged Pitta,314.avif,314_UR.avif
315,仙八色鶇,Fairy Pitta,315.avif,315_UR.avif
316,灰喉山椒鳥,Gray-Chinned Minivet,316.avif,316_UR.avif
317,Scarlet minivet,Scarlet Minivet,317.avif,317_UR.avif
318,Ryukyu minivet,Ryukyu Minivet,318.avif,318_UR.avif
319,灰山椒鳥,Ashy Minivet,319.avif,319_UR.avif
320,小灰山椒鳥,Brown-Rumped Minivet,320.avif,320_UR.avif
321,粉紅椋鳥,Rosy Minivet,321.avif,321_UR.avif
322,暗灰鵑鵙,Black-Winged Cuckooshrike,322.avif,322_UR.avif
323,白腹鳳鶥,White-Bellied Erpornis,323.avif,323_UR.avif
324,黑枕黃鸝,Black-Naped Oriole,324.avif,324_UR.avif
325,Maroon oriole,Maroon Oriole,325.avif,325_UR.avif
326,Silver oriole,Silver Oriole,326.avif,326_UR.avif
327,黑卷尾,Black Drongo,327.avif,327_UR.avif
328,灰卷尾,Ashy Drongo,328.avif,328_UR.avif
329,Crow-billed drongo,Crow-Billed Drongo,329.avif,329_UR.avif
330,髮冠卷尾,Hair-Crested Drongo,330.avif,330_UR.avif
331,黑枕王鶲,Black-Naped Monarch,331.avif,331_UR.avif
332,紫壽帶,Japanese Paradise-Flycatcher,332.avif,332_UR.avif
333,Amur paradise-flycatcher,Amur Paradise-Flycatcher,333.avif,333_UR.avif
334,虎紋伯勞,Tiger Shrike,334.avif,334_UR.avif
335,牛頭伯勞,Bull-Headed Shrike,335.avif,335_UR.avif
336,紅背伯勞,Red-Backed Shrike,336.avif,336_UR.avif
337,紅尾伯勞,Brown Shrike,337.avif,337_UR.avif
338,棕背伯勞,Long-Tailed Shrike,338.avif,338_UR.avif
339,Gray-backed shrike,Gray-Backed Shrike,339.avif,339_UR.avif
340,Chinese gray shrike,Chinese Gray Shrike,340.avif,340_UR.avif
341,松鴉,Eurasian Jay,341.avif,341_UR.avif
342,Azure-winged magpie,Azure-Winged Magpie,342.avif,342_UR.avif
343,Indochinese green-magpie,Indochinese Green-Magpie,343.avif,343_UR.avif
344,Oriental magpie,Oriental Magpie,344.avif,344_UR.avif
345,達烏里寒鴉,Daurian Jackdaw,345.avif,345_UR.avif
346,House crow,House Crow,346.avif,346_UR.avif
347,Rook,Rook,347.avif,347_UR.avif
348,小嘴烏鴉,Carrion Crow,348.avif,348_UR.avif
349,大嘴烏鴉,Large-Billed Crow,349.avif,349_UR.avif
350,白頸鴉,Collared Crow,350.avif,350_UR.avif
351,方尾鶲,Gray-Headed Canary-Flycatcher,351.avif,351_UR.avif
352,Fire-capped tit,Fire-Capped Tit,352.avif,352_UR.avif
353,黃腹山雀,Yellow-Bellied Tit,353.avif,353_UR.avif
354,雜色山雀,Varied Tit,354.avif,354_UR.avif
355,攀雀,Chinese Penduline-Tit,355.avif,355_UR.avif
356,Mongolian short-toed lark,Mongolian Short-Toed Lark,356.avif,356_UR.avif
357,雲雀,Eurasian Skylark,357.avif,357_UR.avif
358,小雲雀,Oriental Skylark,358.avif,358_UR.avif
359,黃腹山鷦鶯,Yellow-Bellied Prinia,359.avif,359_UR.avif
360,純色山鷦鶯,Plain Prinia,360.avif,360_UR.avif
361,棕扇尾鶯,Zitting Cisticola,361.avif,361_UR.avif
362,金頭扇尾鶯,Golden-Headed Cisticola,362.avif,362_UR.avif
363,厚嘴葦鶯,Thick-Billed Warbler,363.avif,363_UR.avif
364,Booted warbler,Booted Warbler,364.avif,364_UR.avif
365,賽氏篱鶯,Iduna Rama,365.avif,365_UR.avif
366,黑眉葦鶯,Black-Browed Reed Warbler,366.avif,366_UR.avif
367,稻田葦鶯,Paddyfield Warbler,367.avif,367_UR.avif
368,鈍翅葦鶯,Blunt-Winged Warbler,368.avif,368_UR.avif
369,遠東葦鶯,Manchurian Reed Warbler,369.avif,369_UR.avif
370,布氏葦鶯,Acrocephalus Dumetorum,370.avif,370_UR.avif
371,東方大葦鶯,Oriental Reed Warbler,371.avif,371_UR.avif
372,Gray's grasshopper warbler,Helopsaltes Fasciolatus,372.avif,372_UR.avif
373,斑背大尾鶯,Marsh Grassbird,373.avif,373_UR.avif
374,小蝗鶯,Helopsaltes Certhiola,374.avif,374_UR.avif
375,北蝗鶯,Helopsaltes Ochotensis,375.avif,375_UR.avif
376,史氏蝗鶯,Helopsaltes Pleskei,376.avif,376_UR.avif
377,矛紋蝗鶯,Lanceolated Warbler,377.avif,377_UR.avif
378,棕褐短翅鶯,Brown Bush Warbler,378.avif,378_UR.avif
379,Chinese bush warbler,Chinese Bush Warbler,379.avif,379_UR.avif
380,北短翅鶯,Baikal Bush Warbler,380.avif,380_UR.avif
381,高山短翅鶯,Russet Bush Warbler,381.avif,381_UR.avif
382,Benguet bush warbler,Benguet Bush Warbler,382.avif,382_UR.avif
383,小鷦鶥,Pygmy Cupwing,383.avif,383_UR.avif
384,灰喉沙燕,Gray-Throated Martin,384.avif,384_UR.avif
385,Bank swallow,Bank Swallow,385.avif,385_UR.avif
386,淡色沙燕,Pale Sand Martin,386.avif,386_UR.avif
387,家燕,Barn Swallow,387.avif,387_UR.avif
388,金腰燕,Red-Rumped Swallow,388.avif,388_UR.avif
389,白腹毛腳燕,Common House-Martin,389.avif,389_UR.avif
390,煙腹毛腳燕,Asian House-Martin,390.avif,390_UR.avif
391,白喉紅臀鵯,Sooty-Headed Bulbul,391.avif,391_UR.avif
392,黑短腳鵯,Black Bulbul,392.avif,392_UR.avif
393,Brown-eared bulbul,Brown-Eared Bulbul,393.avif,393_UR.avif
394,栗背短腳鵯,Chestnut Bulbul,394.avif,394_UR.avif
395,綠翅短腳鵯,Mountain Bulbul,395.avif,395_UR.avif
396,Wood warbler,Wood Warbler,396.avif,396_UR.avif
397,黃眉柳鶯,Yellow-Browed Warbler,397.avif,397_UR.avif
398,淡眉柳鶯,Phylloscopus Humei,398.avif,398_UR.avif
399,雲南柳鶯,Chinese Leaf Warbler,399.avif,399_UR.avif
400,黃腰柳鶯,Phylloscopus Proregulus,400.avif,400_UR.avif
401,巨嘴柳鶯,Phylloscopus Schwarzi,401.avif,401_UR.avif
402,棕眉柳鶯,Yellow-Streaked Warbler,402.avif,402_UR.avif
403,歐柳鶯,Willow Warbler,403.avif,403_UR.avif
404,Mountain chiffchaff,Mountain Chiffchaff,404.avif,404_UR.avif
405,嘰喳柳鶯,Common Chiffchaff,405.avif,405_UR.avif
406,冕柳鶯,Eastern Crowned Warbler,406.avif,406_UR.avif
407,Ijima's leaf warbler,Phylloscopus Ijimae,407.avif,407_UR.avif
408,灰冠鶲鶯,Gray-Crowned Warbler,408.avif,408_UR.avif
409,比氏鶲鶯,Phylloscopus Valentini,409.avif,409_UR.avif
410,Martens's warbler,Phylloscopus Omeiensis,410.avif,410_UR.avif
411,純色尾鶲鶯,Phylloscopus Soror,411.avif,411_UR.avif
412,暗綠柳鶯,Greenish Warbler,412.avif,412_UR.avif
413,Emei leaf warbler,Emei Leaf Warbler,413.avif,413_UR.avif
414,淡腳柳鶯,Pale-Legged Leaf Warbler,414.avif,414_UR.avif
415,日本淡腳柳鶯,Sakhalin Leaf Warbler,415.avif,415_UR.avif
416,Japanese leaf warbler,Japanese Leaf Warbler,416.avif,416_UR.avif
417,極北柳鶯,Arctic Warbler,417.avif,417_UR.avif
418,栗耳鳳鶥,Chestnut-Crowned Warbler,418.avif,418_UR.avif
419,黑眉柳鶯,Sulphur-Breasted Warbler,419.avif,419_UR.avif
420,Claudia's leaf warbler,Phylloscopus Claudiae,420.avif,420_UR.avif
421,Hartert's leaf warbler,Phylloscopus Goodsoni,421.avif,421_UR.avif
422,Kloss's leaf warbler,Phylloscopus Ogilviegranti,422.avif,422_UR.avif
423,淡腳樹鶯,Pale-Footed Bush Warbler,423.avif,423_UR.avif
424,鱗頭樹鶯,Asian Stubtail,424.avif,424_UR.avif
425,棕臉鶲鶯,Rufous-Faced Warbler,425.avif,425_UR.avif
426,栗頭縫葉鶯,Mountain Tailorbird,426.avif,426_UR.avif
427,遠東樹鶯,Manchurian Bush Warbler,427.avif,427_UR.avif
428,強腳樹鶯,Brownish-Flanked Bush Warbler,428.avif,428_UR.avif
429,Black-throated tit,Black-Throated Tit,429.avif,429_UR.avif
430,白喉林鶯,Lesser Whitethroat,430.avif,430_UR.avif
431,Spot-breasted parrotbill,Spot-Breasted Parrotbill,431.avif,431_UR.avif
432,Vinous-throated parrotbill,Vinous-Throated Parrotbill,432.avif,432_UR.avif
433,Indochinese yuhina,Indochinese Yuhina,433.avif,433_UR.avif
434,Black-chinned yuhina,Black-Chinned Yuhina,434.avif,434_UR.avif
435,紅脇繡眼鳥,Chestnut-Flanked White-Eye,435.avif,435_UR.avif
436,Swinhoe's white-eye,Zosterops Simplex,436.avif,436_UR.avif
437,紅頭穗鶥,Rufous-Capped Babbler,437.avif,437_UR.avif
438,棕頸鈎嘴鶥,Streak-Breasted Scimitar-Babbler,438.avif,438_UR.avif
439,綠鷺,Chinese Grassbird,439.avif,439_UR.avif
440,黑眉雀鶥,Alcippe Hueti,440.avif,440_UR.avif
441,藍翅希鶥,Blue-Winged Minla,441.avif,441_UR.avif
442,紅嘴相思鳥,Red-Billed Leiothrix,442.avif,442_UR.avif
443,銀耳相思鳥,Silver-Eared Mesia,443.avif,443_UR.avif
444,白頰噪鶥,White-Browed Laughingthrush,444.avif,444_UR.avif
445,黑臉噪鶥,Masked Laughingthrush,445.avif,445_UR.avif
446,黑領噪鶥,Greater Necklaced Laughingthrush,446.avif,446_UR.avif
447,矛紋草鶥,Chinese Babax,447.avif,447_UR.avif
448,絨額鳾,Velvet-Fronted Nuthatch,448.avif,448_UR.avif
449,紫翅椋鳥,European Starling,449.avif,449_UR.avif
450,北椋鳥,Daurian Starling,450.avif,450_UR.avif
451,紫背椋鳥,Chestnut-Cheeked Starling,451.avif,451_UR.avif
452,Chestnut-tailed starling,Chestnut-Tailed Starling,452.avif,452_UR.avif
453,絲光椋鳥,Red-Billed Starling,453.avif,453_UR.avif
454,灰椋鳥,White-Cheeked Starling,454.avif,454_UR.avif
455,家八哥,Common Myna,455.avif,455_UR.avif
456,White's thrush,Zoothera Aurea,456.avif,456_UR.avif
457,虎斑地鶇,Scaly Thrush,457.avif,457_UR.avif
458,白眉地鶇,Siberian Thrush,458.avif,458_UR.avif
459,橙頭地鶇,Orange-Headed Thrush,459.avif,459_UR.avif
460,寶興歌鶇,Chinese Thrush,460.avif,460_UR.avif
461,烏鶇,Eurasian Blackbird,461.avif,461_UR.avif
462,Chinese blackbird,Chinese Blackbird,462.avif,462_UR.avif
463,烏灰鶇,Japanese Thrush,463.avif,463_UR.avif
464,灰背鶇,Gray-Backed Thrush,464.avif,464_UR.avif
465,白眉鶇,Eyebrowed Thrush,465.avif,465_UR.avif
466,赤胸鶇,Brown-Headed Thrush,466.avif,466_UR.avif
467,白腹鶇,Pale Thrush,467.avif,467_UR.avif
468,Black-throated thrush,Black-Throated Thrush,468.avif,468_UR.avif
469,赤頸鶇,Red-Throated Thrush,469.avif,469_UR.avif
470,Dusky thrush,Dusky Thrush,470.avif,470_UR.avif
471,斑鶇,Turdus Naumanni,471.avif,471_UR.avif
472,灰紋鶲,Gray-Streaked Flycatcher,472.avif,472_UR.avif
473,烏鶲,Dark-Sided Flycatcher,473.avif,473_UR.avif
474,棕尾褐鶲,Ferruginous Flycatcher,474.avif,474_UR.avif
475,北灰鶲,Asian Brown Flycatcher,475.avif,475_UR.avif
476,褐胸鶲,Brown-Breasted Flycatcher,476.avif,476_UR.avif
477,灰頭椋鳥,White-Rumped Shama,477.avif,477_UR.avif
478,海南藍仙鶲,Hainan Blue Flycatcher,478.avif,478_UR.avif
479,中華仙鶲,Chinese Blue Flycatcher,479.avif,479_UR.avif
480,Hill blue flycatcher,Hill Blue Flycatcher,480.avif,480_UR.avif
481,Brown-chested jungle flycatcher,Brown-Chested Jungle Flycatcher,481.avif,481_UR.avif
482,小仙鶲,Small Niltava,482.avif,482_UR.avif
483,棕腹大仙鶲,Fujian Niltava,483.avif,483_UR.avif
484,白腹藍姬鶲,Blue-And-White Flycatcher,484.avif,484_UR.avif
485,琉璃藍鶲,Cyanoptila Cumatilis,485.avif,485_UR.avif
486,Verditer flycatcher,Verditer Flycatcher,486.avif,486_UR.avif
487,Lesser shortwing,Lesser Shortwing,487.avif,487_UR.avif
488,紅尾歌鴝,Rufous-Tailed Robin,488.avif,488_UR.avif
489,日本歌鴝,Japanese Robin,489.avif,489_UR.avif
490,藍歌鴝,Siberian Blue Robin,490.avif,490_UR.avif
491,藍喉歌鴝,Bluethroat,491.avif,491_UR.avif
492,紫嘯鶇,Blue Whistling-Thrush,492.avif,492_UR.avif
493,White-crowned forktail,White-Crowned Forktail,493.avif,493_UR.avif
494,灰背燕尾,Slaty-Backed Forktail,494.avif,494_UR.avif
495,紅喉歌鴝,Siberian Rubythroat,495.avif,495_UR.avif
496,White-tailed robin,White-Tailed Robin,496.avif,496_UR.avif
497,紅脇藍尾鴝,Red-Flanked Bluetail,497.avif,497_UR.avif
498,白眉姬鶲,Yellow-Rumped Flycatcher,498.avif,498_UR.avif
499,綠背姬鶲,Green-Backed Flycatcher,499.avif,499_UR.avif
500,黃眉姬鶲,Narcissus Flycatcher,500.avif,500_UR.avif
501,Ryuku flycatcher,Ryuku Flycatcher,501.avif,501_UR.avif
502,鴝姬鶲,Mugimaki Flycatcher,502.avif,502_UR.avif
503,Slaty-backed flycatcher,Slaty-Backed Flycatcher,503.avif,503_UR.avif
504,橙胸姬鶲,Rufous-Gorgeted Flycatcher,504.avif,504_UR.avif
505,Ultramarine flycatcher,Ultramarine Flycatcher,505.avif,505_UR.avif
506,紅喉姬鶲,Taiga Flycatcher,506.avif,506_UR.avif
507,紅胸姬鶲,Red-Breasted Flycatcher,507.avif,507_UR.avif
508,紅尾水鴝,Plumbeous Redstart,508.avif,508_UR.avif
509,黑喉紅尾鴝,Phoenicurus Hodgsoni,509.avif,509_UR.avif
510,赭紅尾鴝,Black Redstart,510.avif,510_UR.avif
511,北紅尾鴝,Daurian Redstart,511.avif,511_UR.avif
512,栗腹磯鶇,Chestnut-Bellied Rock-Thrush,512.avif,512_UR.avif
513,白喉磯鶇,White-Throated Rock-Thrush,513.avif,513_UR.avif
514,藍磯鶇,Blue Rock-Thrush,514.avif,514_UR.avif
515,Siberian stonechat,Siberian Stonechat,515.avif,515_UR.avif
516,Gray bushchat,Gray Bushchat,516.avif,516_UR.avif
517,Pied wheatear,Pied Wheatear,517.avif,517_UR.avif
518,小太平鳥,Japanese Waxwing,518.avif,518_UR.avif
519,Plain flowerpecker,Plain Flowerpecker,519.avif,519_UR.avif
520,紅胸啄花鳥,Fire-Breasted Flowerpecker,520.avif,520_UR.avif
521,朱背啄花鳥,Scarlet-Backed Flowerpecker,521.avif,521_UR.avif
522,藍喉太陽鳥,Aethopyga Gouldiae,522.avif,522_UR.avif
523,黃胸織雀,Baya Weaver,523.avif,523_UR.avif
524,斑文鳥,Scaly-Breasted Munia,524.avif,524_UR.avif
525,栗腹文鳥,Chestnut Munia,525.avif,525_UR.avif
526,House sparrow,House Sparrow,526.avif,526_UR.avif
527,山鶺鴒,Forest Wagtail,527.avif,527_UR.avif
528,灰鶺鴒,Gray Wagtail,528.avif,528_UR.avif
529,黃鶺鴒,Western Yellow Wagtail,529.avif,529_UR.avif
530,Eastern yellow wagtail,Eastern Yellow Wagtail,530.avif,530_UR.avif
531,黃頭鶺鴒,Citrine Wagtail,531.avif,531_UR.avif
532,白鶺鴒,White Wagtail,532.avif,532_UR.avif
533,田鷚,Anthus Richardi,533.avif,533_UR.avif
534,布氏鷚,Anthus Godlewskii,534.avif,534_UR.avif
535,山鷚,Upland Pipit,535.avif,535_UR.avif
536,粉紅胸鷚,Rosy Pipit,536.avif,536_UR.avif
537,Tree pipit,Tree Pipit,537.avif,537_UR.avif
538,樹鷚,Olive-Backed Pipit,538.avif,538_UR.avif
539,北鷚,Pechora Pipit,539.avif,539_UR.avif
540,紅喉鷚,Red-Throated Pipit,540.avif,540_UR.avif
541,水鷚,Water Pipit,541.avif,541_UR.avif
542,黃腹鷚,American Pipit,542.avif,542_UR.avif
543,燕雀,Brambling,543.avif,543_UR.avif
544,錫嘴雀,Hawfinch,544.avif,544_UR.avif
545,黑尾蠟嘴雀,Yellow-Billed Grosbeak,545.avif,545_UR.avif
546,黑頭蠟嘴雀,Japanese Grosbeak,546.avif,546_UR.avif
547,普通朱雀,Common Rosefinch,547.avif,547_UR.avif
548,金翅雀,Oriental Greenfinch,548.avif,548_UR.avif
549,黃雀,Eurasian Siskin,549.avif,549_UR.avif
550,Lapland longspur,Lapland Longspur,550.avif,550_UR.avif
551,鳳頭鵐,Crested Bunting,551.avif,551_UR.avif
552,黑頭鵐,Black-Headed Bunting,552.avif,552_UR.avif
553,褐頭鵐,Red-Headed Bunting,553.avif,553_UR.avif
554,栗耳鵐,Chestnut-Eared Bunting,554.avif,554_UR.avif
555,Pine bunting,Pine Bunting,555.avif,555_UR.avif
556,圃鵐,Ortolan Bunting,556.avif,556_UR.avif
557,藍鵐,Slaty Bunting,557.avif,557_UR.avif
558,黃喉鵐,Yellow-Throated Bunting,558.avif,558_UR.avif
559,紅頸葦鵐,Ochre-Rumped Bunting,559.avif,559_UR.avif
560,葦鵐,Emberiza Pallasi,560.avif,560_UR.avif
561,蘆鵐,Reed Bunting,561.avif,561_UR.avif
562,黃胸鵐,Yellow-Breasted Bunting,562.avif,562_UR.avif
563,小鵐,Little Bunting,563.avif,563_UR.avif
564,田鵐,Rustic Bunting,564.avif,564_UR.avif
565,硫黃鵐,Yellow Bunting,565.avif,565_UR.avif
566,灰頭鵐,Black-Faced Bunting,566.avif,566_UR.avif
567,栗鵐,Chestnut Bunting,567.avif,567_UR.avif
568,黃眉鵐,Yellow-Browed Bunting,568.avif,568_UR.avif
569,白眉鵐,Emberiza Tristrami,569.avif,569_UR.avif
